rank,date,likes,comments,type,shortcode,collaborator,caption_preview
1,2022-08-26,3997,41,Video,ChuuSvnKC9f,enjune.music,HOW DO YOU LOVE EP release
2,2024-10-16,3992,11,Video,DBMl_xbO26T,,WAIT new song release
3,2023-12-04,3694,42,Video,C0ck_6Vvvrc,,HURRICANE release
4,2024-10-21,3234,27,Video,DBZbKLbSQ5H,timjck,CAN I PRAY on @ontout
5,2023-08-18,1609,0,Video,CwGf72aNRvm,,Waves remix visualizer
6,2016-10-14,1501,21,Photo,BLjS-BZAGxF,,Concert photo
7,2016-09-05,1380,29,Photo,BJ-v2QJgzJu,,Burning Man
8,2023-07-31,1367,14,Video,CvX2BH2JJAe,,Live performance
9,2024-11-01,1357,54,Video,DB1vmV8yK90,timjck,Your love never goes to waste @ontout
10,2016-09-11,1249,11,Photo,BKNHBQbASUO,,Nature/travel
11,2016-08-08,1240,5,Photo,BI2jqYhAecG,,Lifestyle
12,2016-11-05,1226,31,Photo,BMcUcQ7Aerf,,Lifestyle
13,2016-10-09,1144,27,Photo,BLUuA-ug687,,Lifestyle
14,2017-01-13,1080,24,Photo,BPL5Q8NgLTT,,Lifestyle
15,2025-10-24,1065,21,Carousel,DQNKC5JEyVo,,Live show recap
16,2025-06-20,1017,18,Video,DLI_kmdSTqC,,Without Peace release
17,2016-11-01,1014,13,Photo,BMQf4c9AVGZ,,Lifestyle
18,2018-09-03,1013,11,Carousel,BnRufWfhSny,,Burning Man
19,2016-10-19,1004,14,Photo,BLwnMRzgl96,,Lifestyle
20,2016-07-21,963,21,Photo,BIG7iDWjgUQ,,Lifestyle
